n,q,rho,q_f,buckets,pi,draws,seed,S_disclosure,S_no_disclosure,transfer_L,transfer_L_stderr,transfer_L_ci95,kl_information,kl_ci95,responder_surplus_disclosure,responder_surplus_no_disclosure,price_disclosure,price_no_disclosure,spread_disclosure,spread_no_disclosure,step_delta_L,step_ci95,step_resolved
5,0.65,0.0,0.75,8,0.5,200000,20260907,0.10000397597687201,0.37492600000000004,0.27492202402312804,0.00038161156330939725,0.0007479586640864186,0.17017374117251063,0.0003439280602652627,-0.10000397597687201,-0.37492600000000004,0.6515260240231279,0.37660399999999994,0.18141118035813547,0.26364449999999995,,,
5,0.65,0.1,0.75,8,0.5,200000,20260907,0.09913397860288863,0.37358350000000007,0.27444952139711143,0.0003811063603066374,0.0007469684662010093,0.17021054379892586,0.0003440648325035911,-0.09913397860288863,-0.37358350000000007,0.6523960213971113,0.37794649999999996,0.18001062485306182,0.261594,-0.00047250262601663195,0.00010154516459250482,True
5,0.65,0.2,0.75,8,0.5,200000,20260907,0.0964329996020629,0.369412,0.2729790003979371,0.00037948293728720927,0.0007437865570829301,0.17024120596433442,0.00034421823989178626,-0.0964329996020629,-0.369412,0.6550970003979371,0.3821179999999999,0.17579092316082126,0.25540199999999996,-0.0014705209991742725,0.00010318106356415034,True
5,0.65,0.3,0.75,8,0.5,200000,20260907,0.09204861025928118,0.3627670000000001,0.27071838974071893,0.00037690412371505313,0.0007387320824815041,0.17022093664517624,0.0003440716109539916,-0.09204861025928118,-0.3627670000000001,0.6594813897407187,0.38876299999999986,0.16855236772319288,0.24490649999999992,-0.0022606106572182396,0.00010348006896240533,True
5,0.65,0.4,0.75,8,0.5,200000,20260907,0.08593703040973569,0.3535135,0.26757646959026427,0.0003732172538415428,0.0007315058175294238,0.17027316487202837,0.000344244369302053,-0.08593703040973569,-0.3535135,0.6655929695902644,0.39801649999999994,0.15834705440085378,0.23007,-0.0031419201504545346,0.000109054532340185,True
5,0.65,0.5,0.75,8,0.5,200000,20260907,0.07803149067074133,0.3415915,0.26356000932925866,0.0003682700610454529,0.0007218093196490877,0.17028108985519738,0.0003443252483299729,-0.07803149067074133,-0.3415915,0.6734985093292587,0.4099385,0.14482954781608887,0.21039,-0.00401646026100565,0.00011673646936798614,True
5,0.65,0.6,0.75,8,0.5,200000,20260907,0.06801876021050124,0.32668300000000006,0.2586642397894988,0.0003619714659861606,0.0007094640733328749,0.1703491802360721,0.00034462489358784714,-0.06801876021050124,-0.32668300000000006,0.6835112397894987,0.4248469999999999,0.1271992008762219,0.1847925,-0.004895769539759929,0.00012531424085212724,True
5,0.65,0.7,0.75,8,0.5,200000,20260907,0.05586836847548421,0.30867700000000003,0.2528086315245158,0.0003538220644605091,0.0006934912463425978,0.17038715801377513,0.00034471679712399155,-0.05586836847548421,-0.30867700000000003,0.6956616315245159,0.44285300000000005,0.10493173004692355,0.15256350000000005,-0.005855608264982981,0.0001349990572323213,True
5,0.65,0.8,0.75,8,0.5,200000,20260907,0.04088776233159256,0.2864845000000001,0.24559673766840753,0.0003430032099864872,0.0006722862915735149,0.17037023847683397,0.00034479432814322157,-0.04088776233159256,-0.2864845000000001,0.7106422376684075,0.46504549999999995,0.07695674133153343,0.11184600000000004,-0.007211893856108336,0.0001481531486918675,True
5,0.65,0.9,0.75,8,0.5,200000,20260907,0.022917979557342327,0.260137,0.2372190204426577,0.00032912097610780355,0.0006450771131712949,0.17039198500001207,0.0003449529849944684,-0.022917979557342327,-0.260137,0.7286120204426577,0.49139299999999997,0.04244862208342761,0.061693500000000005,-0.008377717225749771,0.00015853394734108875,True
5,0.65,1.0,0.75,8,0.5,200000,20260907,0.0014018660732237319,0.228811,0.22740913392677625,0.0003105620058704299,0.0006087015315060426,0.170410996696482,0.0003449954710998237,-0.0014018660732237319,-0.228811,0.7501281339267762,0.5227189999999999,0.0,0.0,-0.009809886515881413,0.00017110065488710468,True
